Smartphone,RAM,Storage,Free,Final Price,PriceCategory
852,8.0,256.0,1,231.6,رخيص
1084,4.0,128.0,1,279.0,رخيص
534,4.0,128.0,1,179.01,رخيص
1717,8.0,128.0,1,279.99,رخيص
582,8.0,512.0,1,799.0,متوسط
532,4.0,64.0,1,148.52,رخيص
580,8.0,256.0,1,699.0,متوسط
812,8.0,128.0,1,352.59,رخيص
1086,4.0,128.0,1,279.0,رخيص
1752,8.0,256.0,1,329.99,رخيص
727,8.0,128.0,1,219.99,رخيص
838,4.0,64.0,1,172.59,رخيص
851,8.0,256.0,1,231.6,رخيص
1746,8.0,256.0,1,382.99,رخيص
1744,8.0,256.0,1,399.91,رخيص
1722,4.0,128.0,1,249.99,رخيص
166,8.0,128.0,1,1009.0,غالي
1750,8.0,256.0,1,249.26,رخيص
1082,4.0,64.0,1,179.0,رخيص
1593,4.0,64.0,1,179.99,رخيص
879,8.0,32.0,1,141.6,رخيص
784,8.0,256.0,1,401.6,رخيص
773,8.0,256.0,1,392.6,رخيص
1685,4.0,128.0,1,219.99,رخيص
848,8.0,128.0,1,181.6,رخيص
212,8.0,256.0,1,1599.0,غالي
527,2.0,32.0,1,106.0,رخيص
780,8.0,128.0,1,281.6,رخيص
1094,8.0,128.0,1,419.0,رخيص
779,8.0,128.0,1,281.6,رخيص
849,8.0,128.0,1,181.6,رخيص
209,8.0,128.0,1,1469.0,غالي
786,8.0,512.0,1,521.6,متوسط
781,8.0,256.0,1,301.6,رخيص
771,8.0,256.0,1,391.99,رخيص
782,8.0,256.0,1,299.0,رخيص
726,8.0,128.0,1,219.99,رخيص
1724,4.0,128.0,1,168.9,رخيص
1089,8.0,128.0,1,299.0,رخيص
210,8.0,128.0,1,1469.0,غالي
839,4.0,64.0,1,172.59,رخيص
1720,4.0,128.0,1,249.99,رخيص
1588,4.0,128.0,1,199.0,رخيص
785,8.0,512.0,1,521.6,متوسط
802,4.0,64.0,1,262.58,رخيص
537,8.0,128.0,1,229.0,رخيص
841,4.0,128.0,1,192.59,رخيص
877,4.0,64.0,1,172.59,رخيص
1644,8.0,64.0,1,159.0,رخيص
783,8.0,256.0,1,401.6,رخيص
1649,2.0,32.0,1,109.0,رخيص
543,8.0,128.0,1,209.0,رخيص
763,8.0,256.0,1,343.99,رخيص
1745,8.0,256.0,1,329.37,رخيص
581,8.0,256.0,1,699.0,متوسط
557,8.0,256.0,1,299.0,رخيص
1051,8.0,128.0,1,377.96,رخيص
1648,2.0,32.0,1,109.0,رخيص
1650,2.0,32.0,1,109.0,رخيص
1651,2.0,32.0,1,109.0,رخيص
1608,4.0,128.0,1,123.0,رخيص
1573,2.0,32.0,1,95.59,رخيص
805,8.0,128.0,1,281.6,رخيص
1723,4.0,128.0,1,249.0,رخيص
1732,4.0,128.0,1,279.0,رخيص
868,8.0,128.0,1,552.59,متوسط
1721,4.0,128.0,1,249.0,رخيص
1751,8.0,256.0,1,261.95,رخيص
535,4.0,128.0,1,179.0,رخيص
1726,4.0,64.0,1,229.0,رخيص
1583,4.0,128.0,1,179.0,رخيص
878,4.0,64.0,1,172.59,رخيص
833,8.0,32.0,1,142.59,رخيص
526,2.0,64.0,1,119.0,رخيص
521,8.0,256.0,1,899.0,متوسط
1577,8.0,64.0,1,159.0,رخيص
835,8.0,32.0,1,142.59,رخيص
1728,4.0,64.0,1,229.0,رخيص
1602,8.0,64.0,1,169.0,رخيص
1712,8.0,256.0,1,449.99,رخيص
1740,8.0,128.0,1,399.0,رخيص
860,8.0,256.0,1,702.59,متوسط
799,4.0,128.0,1,282.58,رخيص
1002,8.0,256.0,1,469.0,رخيص
1753,8.0,256.0,1,379.95,رخيص
1756,8.0,256.0,1,499.0,رخيص
1713,8.0,256.0,1,449.99,رخيص
840,4.0,128.0,1,192.59,رخيص
198,8.0,128.0,1,1319.0,غالي
707,4.0,64.0,1,169.99,رخيص
213,8.0,256.0,1,1599.0,غالي
1760,8.0,256.0,1,225.0,رخيص
865,8.0,256.0,1,601.6,متوسط
214,8.0,256.0,1,1599.0,غالي
165,8.0,128.0,1,1009.0,غالي
583,8.0,512.0,1,799.0,متوسط
716,8.0,256.0,1,479.99,رخيص
1711,8.0,256.0,1,449.99,رخيص
1093,8.0,128.0,1,413.0,رخيص
1095,8.0,128.0,1,418.99,رخيص
647,8.0,128.0,1,379.0,رخيص
998,8.0,256.0,1,469.0,رخيص
725,8.0,128.0,1,219.99,رخيص
1605,4.0,128.0,1,123.0,رخيص
542,8.0,128.0,1,209.0,رخيص
1754,8.0,256.0,1,389.95,رخيص
51,8.0,128.0,1,859.0,متوسط
1090,8.0,128.0,1,299.0,رخيص
1,8.0,16.0,1,70.98,رخيص
2,8.0,16.0,1,70.98,رخيص
648,8.0,128.0,1,379.0,رخيص
767,8.0,128.0,1,349.99,رخيص
863,8.0,128.0,1,432.59,رخيص
1604,8.0,64.0,1,169.0,رخيص
21,8.0,64.0,1,589.0,متوسط
19,8.0,64.0,1,589.0,متوسط
191,8.0,256.0,1,1289.0,غالي
1329,8.0,256.0,0,1159.0,غالي
1091,8.0,128.0,1,299.0,رخيص
598,4.0,64.0,1,179.0,رخيص
1212,8.0,256.0,1,699.0,متوسط
167,8.0,128.0,1,1009.0,غالي
1609,4.0,128.0,1,199.0,رخيص
164,8.0,128.0,1,1009.0,غالي
1079,4.0,64.0,1,179.0,رخيص
5,2.0,32.0,1,100.99,رخيص
199,8.0,128.0,1,1319.0,غالي
1289,8.0,512.0,1,1589.01,غالي
1054,8.0,128.0,1,452.61,رخيص
186,8.0,256.0,1,1289.0,غالي
1610,4.0,128.0,1,169.0,رخيص
740,4.0,128.0,1,229.98,رخيص
798,4.0,64.0,1,201.6,رخيص
1484,8.0,256.0,1,781.6,متوسط
588,8.0,256.0,1,499.0,رخيص
206,8.0,512.0,1,1709.0,غالي
204,8.0,256.0,1,1449.0,غالي
1594,4.0,128.0,1,144.95,رخيص
62,8.0,64.0,1,809.0,متوسط
1439,8.0,128.0,1,220.99,رخيص
1755,8.0,256.0,1,389.9,رخيص
1280,8.0,256.0,1,1547.63,غالي
182,8.0,128.0,1,1159.0,غالي
1085,4.0,128.0,1,279.0,رخيص
988,8.0,128.0,1,359.0,رخيص
1440,8.0,128.0,1,220.99,رخيص
1492,8.0,128.0,1,492.59,رخيص
4,2.0,32.0,1,100.99,رخيص
104,8.0,128.0,1,909.0,متوسط
991,8.0,128.0,1,300.0,رخيص
1000,8.0,256.0,1,469.0,رخيص
1444,8.0,256.0,1,267.99,رخيص
1429,8.0,256.0,1,799.0,متوسط
522,8.0,256.0,1,491.64,رخيص
585,8.0,256.0,1,549.0,متوسط
1004,8.0,256.0,1,469.0,رخيص
1793,2.0,64.0,1,119.0,رخيص
1063,8.0,256.0,1,549.0,متوسط
1179,8.0,256.0,1,649.0,متوسط
1589,4.0,128.0,1,199.99,رخيص
1062,8.0,256.0,1,449.95,رخيص
1595,4.0,128.0,1,144.95,رخيص
1057,8.0,256.0,1,549.0,متوسط
613,8.0,128.0,1,299.0,رخيص
1291,8.0,512.0,1,1589.01,غالي
1684,4.0,128.0,1,219.99,رخيص
994,8.0,128.0,1,399.0,رخيص
170,8.0,256.0,1,1139.0,غالي
949,4.0,64.0,1,189.0,رخيص
967,4.0,128.0,1,234.95,رخيص
951,4.0,64.0,1,189.0,رخيص
1443,8.0,256.0,1,267.99,رخيص
1470,8.0,256.0,1,1026.41,غالي
765,8.0,128.0,1,349.99,رخيص
190,8.0,256.0,1,1259.01,غالي
208,8.0,512.0,1,1709.0,غالي
179,8.0,512.0,1,1399.0,غالي
24,8.0,64.0,1,363.0,رخيص
1246,8.0,128.0,1,829.01,متوسط
1059,8.0,256.0,1,549.0,متوسط
106,8.0,128.0,1,909.0,متوسط
1448,8.0,128.0,1,306.0,رخيص
1449,8.0,128.0,1,306.0,رخيص
731,4.0,128.0,1,209.99,رخيص
703,8.0,32.0,1,149.99,رخيص
875,4.0,128.0,1,222.59,رخيص
108,8.0,256.0,1,1029.0,غالي
1482,8.0,256.0,1,772.46,متوسط
616,8.0,128.0,1,299.0,رخيص
1061,8.0,256.0,1,549.0,متوسط
105,8.0,128.0,1,909.0,متوسط
84,8.0,256.0,1,669.0,متوسط
766,8.0,128.0,1,349.99,رخيص
1058,8.0,256.0,1,449.95,رخيص
103,8.0,128.0,1,909.0,متوسط
1742,8.0,128.0,1,289.95,رخيص
1052,8.0,128.0,1,379.95,رخيص
619,8.0,256.0,1,386.6,رخيص
1727,4.0,64.0,1,229.99,رخيص
1471,8.0,256.0,1,500.0,رخيص
277,8.0,64.0,1,269.0,رخيص
112,8.0,256.0,1,1029.0,غالي
1794,2.0,64.0,1,119.0,رخيص
176,8.0,512.0,1,1399.0,غالي
1434,4.0,128.0,1,182.99,رخيص
1216,8.0,256.0,1,699.0,متوسط
1433,4.0,128.0,1,178.0,رخيص
97,8.0,256.0,1,709.0,متوسط
762,8.0,256.0,1,349.99,رخيص
1558,4.0,128.0,1,295.82,رخيص
561,8.0,256.0,1,899.01,متوسط
1620,2.0,32.0,1,119.99,رخيص
1049,8.0,128.0,1,379.95,رخيص
1799,8.0,64.0,1,149.0,رخيص
1691,8.0,128.0,1,206.99,رخيص
866,8.0,256.0,1,601.6,متوسط
1249,8.0,256.0,1,819.94,متوسط
1276,8.0,256.0,1,1052.0,غالي
667,8.0,128.0,1,259.0,رخيص
1288,8.0,512.0,1,1177.0,غالي
1285,8.0,512.0,1,1589.01,غالي
953,4.0,64.0,1,189.0,رخيص
172,8.0,256.0,1,1139.0,غالي
600,4.0,128.0,1,158.95,رخيص
1363,4.0,64.0,1,143.28,رخيص
618,8.0,256.0,1,401.6,رخيص
194,8.0,512.0,1,1549.0,غالي
1747,8.0,128.0,1,229.95,رخيص
625,8.0,256.0,1,305.0,رخيص
1494,8.0,256.0,1,430.0,رخيص
1323,8.0,256.0,0,1159.0,غالي
339,8.0,32.0,1,189.99,رخيص
171,8.0,256.0,1,1139.0,غالي
1042,8.0,128.0,1,399.0,رخيص
523,8.0,256.0,1,491.64,رخيص
758,8.0,128.0,1,299.99,رخيص
584,8.0,256.0,1,549.0,متوسط
1451,8.0,256.0,1,309.0,رخيص
1425,8.0,128.0,1,290.48,رخيص
734,4.0,64.0,1,189.99,رخيص
1254,8.0,256.0,1,1172.82,غالي
1267,8.0,512.0,1,1138.46,غالي
1426,8.0,128.0,1,290.48,رخيص
1761,8.0,256.0,1,249.79,رخيص
1450,8.0,256.0,1,309.0,رخيص
1759,8.0,256.0,1,234.95,رخيص
207,8.0,512.0,1,1709.0,غالي
1489,8.0,256.0,1,1084.97,غالي
180,8.0,128.0,1,1159.0,غالي
26,8.0,64.0,1,735.2,متوسط
897,8.0,32.0,1,109.95,رخيص
772,8.0,256.0,1,399.99,رخيص
1244,8.0,128.0,1,829.01,متوسط
525,8.0,256.0,1,859.0,متوسط
1283,8.0,256.0,1,1409.0,غالي
666,8.0,128.0,1,361.71,رخيص
362,8.0,256.0,1,229.95,رخيص
1606,4.0,128.0,1,199.0,رخيص
1642,8.0,64.0,1,101.14,رخيص
630,8.0,256.0,1,499.0,رخيص
996,8.0,128.0,1,399.0,رخيص
1078,4.0,128.0,1,209.0,رخيص
940,4.0,128.0,1,177.0,رخيص
241,8.0,64.0,1,144.0,رخيص
643,8.0,128.0,1,309.0,رخيص
1394,4.0,64.0,1,150.99,رخيص
948,4.0,64.0,1,156.01,رخيص
1611,4.0,128.0,1,199.0,رخيص
990,8.0,128.0,1,399.0,رخيص
1384,8.0,256.0,1,200.99,رخيص
81,8.0,128.0,1,635.0,متوسط
1386,2.0,32.0,1,92.7,رخيص
168,8.0,256.0,1,1119.01,غالي
631,8.0,256.0,1,499.0,رخيص
941,4.0,128.0,1,209.0,رخيص
1273,8.0,512.0,1,1126.89,غالي
1757,8.0,128.0,1,209.0,رخيص
287,8.0,64.0,1,269.0,رخيص
50,8.0,128.0,1,859.0,متوسط
992,8.0,128.0,1,399.0,رخيص
185,8.0,128.0,1,1159.0,غالي
1228,8.0,256.0,1,954.0,متوسط
110,8.0,256.0,1,1029.01,غالي
1749,8.0,128.0,1,229.95,رخيص
516,8.0,128.0,1,599.0,متوسط
114,8.0,512.0,1,1259.0,غالي
676,8.0,128.0,1,319.0,رخيص
989,8.0,128.0,1,300.0,رخيص
1468,8.0,256.0,1,450.0,رخيص
398,8.0,128.0,1,419.0,رخيص
1798,8.0,64.0,1,149.0,رخيص
135,8.0,128.0,1,1159.0,غالي
623,8.0,256.0,1,999.0,متوسط
602,4.0,128.0,1,199.0,رخيص
1256,8.0,256.0,1,959.0,متوسط
189,8.0,256.0,1,1289.0,غالي
864,8.0,128.0,1,432.59,رخيص
1730,4.0,128.0,1,209.9,رخيص
1055,8.0,128.0,1,499.0,رخيص
944,4.0,128.0,1,209.0,رخيص
12,8.0,128.0,1,429.01,رخيص
1734,8.0,128.0,1,287.21,رخيص
980,4.0,64.0,1,200.71,رخيص
8,8.0,128.0,1,429.01,رخيص
1737,8.0,128.0,1,379.99,رخيص
196,8.0,512.0,1,1549.0,غالي
876,4.0,128.0,1,222.59,رخيص
1290,8.0,512.0,1,1191.0,غالي
596,4.0,64.0,1,179.0,رخيص
265,8.0,128.0,1,330.0,رخيص
997,8.0,256.0,1,342.99,رخيص
162,8.0,128.0,1,1009.0,غالي
183,8.0,128.0,1,1159.0,غالي
1076,4.0,128.0,1,209.0,رخيص
1596,4.0,128.0,1,144.95,رخيص
217,8.0,512.0,1,1859.0,غالي
401,8.0,128.0,1,580.0,متوسط
1263,8.0,256.0,1,1043.63,غالي
49,8.0,128.0,1,859.0,متوسط
102,8.0,128.0,1,909.0,متوسط
1628,2.0,32.0,1,93.41,رخيص
524,8.0,256.0,1,569.0,متوسط
211,8.0,128.0,1,1469.0,غالي
624,8.0,256.0,1,306.0,رخيص
173,8.0,256.0,1,1139.0,غالي
1248,8.0,128.0,1,829.01,متوسط
188,8.0,256.0,1,1289.0,غالي
309,8.0,128.0,1,839.0,متوسط
536,8.0,128.0,1,229.0,رخيص
946,4.0,128.0,1,179.95,رخيص
250,8.0,128.0,1,621.6,متوسط
759,8.0,128.0,1,299.99,رخيص
1252,8.0,256.0,1,959.0,متوسط
943,4.0,128.0,1,179.95,رخيص
48,8.0,128.0,1,859.0,متوسط
720,8.0,256.0,1,629.99,متوسط
1241,8.0,128.0,1,694.9,متوسط
880,8.0,32.0,1,141.6,رخيص
174,8.0,512.0,1,1399.0,غالي
1281,8.0,256.0,1,1409.0,غالي
123,8.0,128.0,1,809.0,متوسط
563,8.0,256.0,1,1199.0,غالي
1733,8.0,128.0,1,288.32,رخيص
611,4.0,128.0,1,189.0,رخيص
1050,8.0,128.0,1,499.0,رخيص
1001,8.0,256.0,1,349.94,رخيص
1377,2.0,64.0,1,121.99,رخيص
1382,4.0,128.0,1,163.59,رخيص
562,8.0,256.0,1,899.01,متوسط
1393,4.0,64.0,1,150.99,رخيص
22,8.0,64.0,1,348.0,رخيص
710,8.0,128.0,1,399.99,رخيص
33,8.0,64.0,1,419.0,رخيص
1748,8.0,128.0,1,229.95,رخيص
768,8.0,256.0,1,399.99,رخيص
1725,4.0,64.0,1,229.99,رخيص
1287,8.0,512.0,1,1589.01,غالي
1690,8.0,128.0,1,199.0,رخيص
1735,8.0,128.0,1,293.46,رخيص
55,8.0,256.0,1,979.0,متوسط
1381,4.0,128.0,1,163.59,رخيص
633,8.0,256.0,1,649.0,متوسط
964,4.0,128.0,1,230.95,رخيص
53,8.0,128.0,1,859.0,متوسط
54,8.0,256.0,1,979.0,متوسط
995,8.0,128.0,1,309.95,رخيص
632,8.0,256.0,1,649.01,متوسط
770,8.0,256.0,1,319.98,رخيص
642,8.0,128.0,1,429.0,رخيص
627,8.0,256.0,1,1299.0,غالي
1383,8.0,256.0,1,200.99,رخيص
1277,8.0,256.0,1,1409.0,غالي
1801,4.0,128.0,1,179.0,رخيص
1271,8.0,512.0,1,1126.89,غالي
1151,8.0,128.0,1,499.0,رخيص
61,8.0,64.0,1,809.0,متوسط
1656,2.0,32.0,1,77.98,رخيص
1643,8.0,64.0,1,101.07,رخيص
184,8.0,128.0,1,1159.0,غالي
902,8.0,32.0,1,129.0,رخيص
1392,2.0,32.0,1,120.99,رخيص
192,8.0,512.0,1,1549.0,غالي
216,8.0,512.0,1,1859.0,غالي
85,8.0,256.0,1,678.0,متوسط
1033,8.0,128.0,1,380.0,رخيص
134,8.0,512.0,1,1159.0,غالي
1230,8.0,256.0,1,1647.19,غالي
1601,8.0,64.0,1,149.89,رخيص
756,8.0,128.0,1,299.99,رخيص
52,8.0,128.0,1,859.0,متوسط
603,4.0,128.0,1,202.59,رخيص
1286,8.0,512.0,1,1333.0,غالي
83,8.0,128.0,1,625.0,متوسط
1279,8.0,256.0,1,1409.0,غالي
1586,8.0,64.0,1,105.04,رخيص
258,8.0,256.0,1,299.0,رخيص
733,4.0,64.0,1,189.99,رخيص
82,8.0,128.0,1,614.99,متوسط
163,8.0,128.0,1,1009.0,غالي
1568,4.0,128.0,1,169.94,رخيص
1483,8.0,256.0,1,849.99,متوسط
1705,8.0,64.0,1,299.99,رخيص
1388,8.0,128.0,0,92.71,رخيص
65,8.0,64.0,1,809.0,متوسط
1231,8.0,256.0,0,920.0,متوسط
1195,8.0,256.0,1,378.0,رخيص
1053,8.0,128.0,1,499.0,رخيص
1218,8.0,128.0,1,569.9,متوسط
93,8.0,128.0,1,694.0,متوسط
67,8.0,128.0,1,739.0,متوسط
1266,8.0,256.0,1,1209.0,غالي
1268,8.0,512.0,1,1249.0,غالي
111,8.0,256.0,1,1029.0,غالي
873,8.0,128.0,1,752.59,متوسط
1342,8.0,256.0,1,1160.0,غالي
1716,8.0,128.0,1,249.9,رخيص
1475,8.0,256.0,0,1451.0,غالي
732,4.0,128.0,1,209.99,رخيص
1245,8.0,128.0,1,1026.41,غالي
1576,8.0,64.0,1,103.16,رخيص
124,8.0,128.0,1,809.0,متوسط
35,8.0,64.0,1,417.99,رخيص
361,8.0,256.0,1,299.0,رخيص
1802,4.0,128.0,1,179.0,رخيص
1198,8.0,128.0,1,730.01,متوسط
764,8.0,256.0,1,349.99,رخيص
1373,4.0,128.0,1,174.99,رخيص
94,8.0,256.0,1,687.99,متوسط
1758,8.0,128.0,1,278.7,رخيص
1668,8.0,128.0,1,329.99,رخيص
149,8.0,128.0,1,1259.0,غالي
34,8.0,64.0,1,439.0,رخيص
1370,4.0,64.0,1,184.99,رخيص
1056,8.0,256.0,1,448.99,رخيص
1272,8.0,512.0,1,1249.0,غالي
1060,8.0,256.0,1,449.95,رخيص
1378,2.0,64.0,1,121.99,رخيص
738,4.0,128.0,1,229.98,رخيص
1623,2.0,32.0,1,119.99,رخيص
1142,8.0,128.0,1,649.0,متوسط
1250,8.0,256.0,1,959.0,متوسط
1238,8.0,128.0,1,866.0,متوسط
1575,8.0,64.0,1,107.9,رخيص
705,8.0,32.0,1,149.99,رخيص
1110,8.0,256.0,1,909.0,متوسط
1600,8.0,64.0,1,119.0,رخيص
1657,8.0,16.0,1,126.24,رخيص
1403,4.0,64.0,1,179.99,رخيص
761,8.0,256.0,1,343.99,رخيص
197,8.0,512.0,1,1549.0,غالي
1369,4.0,64.0,1,184.99,رخيص
195,8.0,512.0,1,1519.0,غالي
1260,8.0,256.0,1,1209.0,غالي
952,4.0,64.0,1,159.95,رخيص
855,8.0,128.0,1,351.6,رخيص
957,8.0,32.0,1,105.0,رخيص
999,8.0,256.0,1,349.94,رخيص
1380,8.0,64.0,1,149.99,رخيص
564,8.0,256.0,1,1199.0,غالي
1214,8.0,256.0,1,699.0,متوسط
305,8.0,256.0,1,573.03,متوسط
1269,8.0,512.0,1,954.0,متوسط
272,8.0,64.0,1,269.0,رخيص
517,8.0,128.0,1,399.0,رخيص
1242,8.0,128.0,1,829.01,متوسط
1189,8.0,256.0,1,649.0,متوسط
275,8.0,64.0,1,270.0,رخيص
641,8.0,128.0,1,479.49,رخيص
672,4.0,64.0,1,269.0,رخيص
1101,8.0,256.0,1,810.78,متوسط
1743,8.0,128.0,1,399.0,رخيص
1786,8.0,32.0,1,69.37,رخيص
1243,8.0,128.0,1,699.95,متوسط
760,8.0,256.0,1,327.0,رخيص
1259,8.0,256.0,1,1430.5,غالي
1390,2.0,32.0,1,120.99,رخيص
1553,8.0,128.0,1,354.38,رخيص
1352,8.0,512.0,1,1919.0,غالي
1201,8.0,256.0,1,499.0,رخيص
635,8.0,128.0,1,499.0,رخيص
121,8.0,128.0,1,809.0,متوسط
263,8.0,128.0,1,327.99,رخيص
717,8.0,256.0,1,429.01,رخيص
693,8.0,256.0,1,1169.0,غالي
1239,8.0,128.0,1,889.99,متوسط
215,8.0,512.0,1,1859.0,غالي
107,8.0,128.0,1,909.0,متوسط
1580,8.0,64.0,1,159.0,رخيص
975,4.0,128.0,1,324.99,رخيص
800,4.0,128.0,1,282.58,رخيص
71,8.0,256.0,1,859.0,متوسط
400,8.0,128.0,1,654.0,متوسط
109,8.0,256.0,1,1029.0,غالي
1261,8.0,256.0,1,893.0,متوسط
1738,8.0,128.0,1,379.99,رخيص
993,8.0,128.0,1,299.9,رخيص
58,8.0,256.0,1,979.0,متوسط
670,8.0,128.0,1,219.0,رخيص
76,8.0,64.0,1,689.0,متوسط
232,8.0,32.0,1,199.0,رخيص
1739,8.0,128.0,1,299.95,رخيص
1491,8.0,256.0,1,825.4,متوسط
1587,8.0,64.0,1,107.94,رخيص
699,8.0,256.0,1,229.0,رخيص
60,8.0,64.0,1,809.0,متوسط
181,8.0,128.0,1,1159.0,غالي
260,8.0,64.0,1,259.0,رخيص
1161,8.0,128.0,1,1164.79,غالي
1579,8.0,64.0,1,122.27,رخيص
341,8.0,128.0,1,588.99,متوسط
1003,8.0,256.0,1,349.94,رخيص
1466,8.0,256.0,1,623.0,متوسط
890,8.0,128.0,0,95.0,رخيص
27,8.0,64.0,1,368.0,رخيص
817,4.0,128.0,1,252.59,رخيص
746,4.0,64.0,1,210.0,رخيص
90,8.0,128.0,1,922.58,متوسط
1457,8.0,128.0,1,399.0,رخيص
1172,8.0,128.0,1,1128.89,غالي
300,8.0,256.0,1,420.52,رخيص
955,4.0,128.0,1,281.18,رخيص
1116,8.0,128.0,1,520.15,متوسط
1278,8.0,256.0,1,1199.0,غالي
577,4.0,128.0,1,196.63,رخيص
156,8.0,256.0,1,1379.0,غالي
1688,4.0,64.0,1,189.99,رخيص
95,8.0,256.0,1,706.0,متوسط
157,8.0,256.0,1,1379.0,غالي
155,8.0,256.0,1,1379.0,غالي
1590,4.0,128.0,1,158.99,رخيص
113,8.0,256.0,1,1029.0,غالي
718,8.0,256.0,1,439.0,رخيص
1064,8.0,128.0,1,393.06,رخيص
1178,8.0,128.0,1,749.0,متوسط
177,8.0,512.0,1,1359.0,غالي
251,8.0,256.0,1,731.6,متوسط
1654,2.0,32.0,1,79.99,رخيص
118,8.0,512.0,1,1239.0,غالي
203,8.0,128.0,1,1969.0,غالي
39,8.0,256.0,1,589.0,متوسط
597,4.0,64.0,1,138.99,رخيص
1343,8.0,256.0,1,1493.29,غالي
25,8.0,64.0,1,368.0,رخيص
1496,8.0,256.0,1,1310.08,غالي
715,8.0,256.0,1,479.99,رخيص
120,8.0,128.0,1,809.0,متوسط
291,8.0,256.0,1,389.0,رخيص
1237,8.0,128.0,1,844.0,متوسط
1513,8.0,128.0,1,302.29,رخيص
1664,4.0,64.0,1,201.47,رخيص
1192,8.0,128.0,1,759.0,متوسط
75,8.0,64.0,1,689.0,متوسط
1313,8.0,256.0,1,621.56,متوسط
202,8.0,128.0,1,1969.0,غالي
431,8.0,128.0,1,219.95,رخيص
640,8.0,256.0,1,521.61,متوسط
796,4.0,128.0,1,221.6,رخيص
122,8.0,128.0,1,809.0,متوسط
1455,8.0,128.0,1,422.24,رخيص
150,8.0,128.0,1,1259.0,غالي
1081,4.0,64.0,1,179.0,رخيص
1692,8.0,128.0,1,415.51,رخيص
1145,8.0,128.0,1,649.0,متوسط
871,8.0,256.0,1,852.59,متوسط
922,4.0,64.0,1,228.69,رخيص
1298,8.0,128.0,1,410.04,رخيص
719,8.0,256.0,1,429.01,رخيص
1251,8.0,256.0,1,790.0,متوسط
1476,8.0,256.0,1,780.85,متوسط
252,8.0,256.0,1,701.61,متوسط
1262,8.0,256.0,1,1209.0,غالي
601,4.0,128.0,1,202.59,رخيص
791,4.0,64.0,1,202.59,رخيص
1700,8.0,128.0,1,379.0,رخيص
530,4.0,64.0,1,143.93,رخيص
950,4.0,64.0,1,159.95,رخيص
683,8.0,128.0,1,199.0,رخيص
1316,8.0,128.0,0,1099.0,غالي
1274,8.0,512.0,1,1249.0,غالي
238,8.0,256.0,1,189.99,رخيص
92,8.0,128.0,1,694.0,متوسط
63,8.0,64.0,1,809.0,متوسط
126,8.0,256.0,1,929.0,متوسط
137,8.0,128.0,1,1159.0,غالي
1556,4.0,128.0,1,199.99,رخيص
310,8.0,128.0,1,819.0,متوسط
133,8.0,512.0,1,1159.0,غالي
1371,4.0,128.0,1,204.99,رخيص
1532,8.0,64.0,1,306.59,رخيص
115,8.0,512.0,1,1239.0,غالي
675,4.0,128.0,1,184.0,رخيص
621,8.0,128.0,1,469.0,رخيص
608,4.0,64.0,1,442.23,رخيص
1635,4.0,128.0,1,129.95,رخيص
629,8.0,256.0,1,1299.0,غالي
1522,8.0,256.0,1,234.0,رخيص
1736,8.0,128.0,1,379.99,رخيص
36,8.0,256.0,1,589.0,متوسط
290,8.0,256.0,1,388.0,رخيص
482,8.0,128.0,1,849.58,متوسط
376,8.0,256.0,1,229.0,رخيص
1102,8.0,256.0,1,810.78,متوسط
1020,4.0,128.0,1,249.01,رخيص
1787,8.0,32.0,1,60.46,رخيص
1795,2.0,32.0,1,109.0,رخيص
1413,4.0,64.0,1,169.99,رخيص
1687,4.0,64.0,1,189.99,رخيص
636,8.0,256.0,1,799.0,متوسط
375,8.0,256.0,1,229.0,رخيص
1559,4.0,64.0,1,156.53,رخيص
1674,8.0,128.0,1,349.0,رخيص
69,8.0,128.0,1,739.0,متوسط
399,8.0,128.0,1,425.0,رخيص
673,4.0,64.0,1,269.0,رخيص
119,8.0,512.0,1,1259.0,غالي
205,8.0,512.0,1,1709.0,غالي
594,4.0,64.0,1,189.0,رخيص
914,8.0,32.0,1,146.0,رخيص
1040,8.0,128.0,1,390.0,رخيص
1473,8.0,128.0,1,363.04,رخيص
68,8.0,128.0,1,739.0,متوسط
622,8.0,256.0,1,999.0,متوسط
1599,8.0,32.0,1,149.99,رخيص
1701,8.0,128.0,1,349.99,رخيص
38,8.0,256.0,1,589.0,متوسط
1099,8.0,128.0,0,219.0,رخيص
1783,4.0,128.0,1,359.98,رخيص
32,8.0,64.0,1,413.0,رخيص
1459,8.0,128.0,1,448.99,رخيص
1525,8.0,128.0,1,194.87,رخيص
44,8.0,64.0,1,487.0,رخيص
259,8.0,64.0,1,269.0,رخيص
858,8.0,256.0,1,553.95,متوسط
933,4.0,128.0,1,199.0,رخيص
377,8.0,256.0,1,229.0,رخيص
982,8.0,128.0,1,359.0,رخيص
1569,4.0,128.0,1,179.95,رخيص
1624,2.0,32.0,1,85.99,رخيص
1012,4.0,64.0,1,140.0,رخيص
1117,8.0,128.0,1,214.0,رخيص
20,8.0,64.0,1,589.0,متوسط
722,8.0,256.0,1,579.99,متوسط
549,8.0,128.0,1,188.31,رخيص
161,8.0,512.0,1,1609.0,غالي
273,8.0,64.0,1,269.0,رخيص
1344,8.0,256.0,1,1799.0,غالي
66,8.0,128.0,1,739.0,متوسط
383,8.0,256.0,1,249.95,رخيص
677,8.0,128.0,1,319.0,رخيص
1275,8.0,128.0,1,1410.0,غالي
64,8.0,64.0,1,799.0,متوسط
1488,8.0,256.0,1,982.29,متوسط
1550,8.0,256.0,1,369.0,رخيص
127,8.0,256.0,1,929.0,متوسط
626,8.0,256.0,1,499.0,رخيص
10,8.0,128.0,1,429.01,رخيص
555,4.0,128.0,1,186.98,رخيص
13,8.0,128.0,1,639.0,متوسط
1036,8.0,128.0,1,399.0,رخيص
1028,8.0,128.0,1,400.0,رخيص
1354,8.0,512.0,1,1919.0,غالي
924,4.0,64.0,1,189.99,رخيص
1376,2.0,32.0,1,80.63,رخيص
1585,8.0,64.0,1,107.94,رخيص
1182,8.0,128.0,1,759.0,متوسط
1150,8.0,256.0,1,654.53,متوسط
1495,8.0,256.0,1,1338.8,غالي
1008,4.0,64.0,1,261.61,رخيص
1191,8.0,256.0,1,806.04,متوسط
639,8.0,256.0,1,391.13,رخيص
1109,8.0,256.0,1,517.0,متوسط
142,8.0,256.0,1,1279.0,غالي
1631,2.0,32.0,1,170.01,رخيص
395,8.0,128.0,1,245.0,رخيص
605,4.0,128.0,1,239.0,رخيص
925,4.0,128.0,1,199.95,رخيص
116,8.0,512.0,1,1249.0,غالي
128,8.0,256.0,1,929.0,متوسط
129,8.0,512.0,1,1159.0,غالي
1247,8.0,128.0,1,729.0,متوسط
1346,8.0,256.0,1,1799.0,غالي
1481,8.0,256.0,1,502.0,متوسط
859,8.0,256.0,1,699.0,متوسط
229,8.0,256.0,1,180.0,رخيص
428,8.0,256.0,1,702.84,متوسط
169,8.0,256.0,1,1139.0,غالي
247,8.0,64.0,1,194.0,رخيص
243,8.0,64.0,1,150.0,رخيص
723,4.0,64.0,1,199.99,رخيص
1181,8.0,128.0,1,480.45,رخيص
240,8.0,256.0,1,189.99,رخيص
18,8.0,64.0,1,589.0,متوسط
857,8.0,128.0,1,351.6,رخيص
1164,8.0,128.0,1,1063.47,غالي
714,8.0,256.0,1,479.99,رخيص
295,8.0,64.0,1,302.0,رخيص
435,8.0,128.0,1,449.55,رخيص
308,8.0,256.0,1,779.0,متوسط
954,4.0,128.0,1,209.0,رخيص
1125,8.0,128.0,1,563.69,متوسط
1639,2.0,32.0,0,92.93,رخيص
730,4.0,128.0,1,206.99,رخيص
86,8.0,256.0,1,667.0,متوسط
1156,8.0,128.0,1,649.0,متوسط
187,8.0,256.0,1,1289.0,غالي
1680,8.0,128.0,1,295.97,رخيص
397,8.0,128.0,1,1166.96,غالي
646,8.0,256.0,1,699.0,متوسط
29,8.0,256.0,1,627.02,متوسط
178,8.0,512.0,1,1399.0,غالي
1714,4.0,128.0,1,199.95,رخيص
724,4.0,64.0,1,199.99,رخيص
1551,8.0,256.0,1,369.0,رخيص
1636,4.0,128.0,1,196.26,رخيص
690,8.0,256.0,1,807.0,متوسط
1349,8.0,256.0,1,1799.0,غالي
1557,4.0,128.0,1,240.84,رخيص
496,8.0,256.0,1,938.57,متوسط
1561,4.0,64.0,1,213.47,رخيص
242,8.0,64.0,1,155.0,رخيص
91,8.0,128.0,1,913.88,متوسط
239,8.0,256.0,1,199.0,رخيص
1655,2.0,32.0,1,79.99,رخيص
845,4.0,128.0,1,234.63,رخيص
518,8.0,128.0,1,399.0,رخيص
721,8.0,256.0,1,579.99,متوسط
1038,8.0,128.0,1,399.0,رخيص
1670,8.0,128.0,1,327.96,رخيص
226,8.0,128.0,1,130.0,رخيص
1552,8.0,128.0,1,361.71,رخيص
1582,4.0,128.0,1,179.99,رخيص
1221,8.0,256.0,1,711.0,متوسط
706,4.0,64.0,1,137.9,رخيص
427,8.0,256.0,1,409.9,رخيص
638,8.0,256.0,1,403.0,رخيص
14,8.0,256.0,1,469.0,رخيص
1617,2.0,32.0,1,129.0,رخيص
656,8.0,256.0,1,1333.0,غالي
704,8.0,32.0,1,149.99,رخيص
228,8.0,128.0,1,130.0,رخيص
679,8.0,128.0,1,259.0,رخيص
1194,8.0,128.0,1,759.0,متوسط
1520,8.0,128.0,1,429.01,رخيص
46,8.0,64.0,1,507.99,متوسط
87,8.0,256.0,1,665.0,متوسط
447,8.0,128.0,1,231.4,رخيص
1184,8.0,128.0,1,759.0,متوسط
687,8.0,256.0,1,189.0,رخيص
712,8.0,256.0,1,689.0,متوسط
47,8.0,64.0,1,489.0,رخيص
1173,8.0,256.0,1,1246.02,غالي
441,4.0,128.0,1,252.22,رخيص
1351,8.0,512.0,1,1495.0,غالي
130,8.0,512.0,1,1159.0,غالي
813,8.0,128.0,1,352.59,رخيص
117,8.0,512.0,1,1249.0,غالي
132,8.0,512.0,1,1159.0,غالي
931,8.0,32.0,1,167.98,رخيص
30,8.0,256.0,1,517.0,متوسط
262,8.0,128.0,1,398.48,رخيص
1646,4.0,64.0,1,157.0,رخيص
256,8.0,64.0,1,439.0,رخيص
1626,2.0,32.0,1,139.0,رخيص
244,8.0,256.0,1,269.0,رخيص
663,8.0,256.0,1,587.36,متوسط
769,8.0,256.0,1,368.9,رخيص
1597,8.0,32.0,1,149.99,رخيص
396,8.0,128.0,1,691.64,متوسط
1337,8.0,256.0,1,1128.0,غالي
101,8.0,512.0,1,805.51,متوسط
1456,8.0,128.0,1,430.66,رخيص
1292,8.0,256.0,1,1175.19,غالي
1718,8.0,64.0,1,249.0,رخيص
961,4.0,128.0,1,249.01,رخيص
497,8.0,256.0,1,842.29,متوسط
1741,8.0,128.0,1,399.99,رخيص
303,8.0,256.0,1,628.99,متوسط
917,8.0,32.0,1,165.0,رخيص
1140,8.0,128.0,1,275.0,رخيص
1335,8.0,512.0,1,1204.0,غالي
1141,8.0,128.0,1,499.0,رخيص
1153,8.0,128.0,1,640.67,متوسط
1729,4.0,128.0,1,209.9,رخيص
100,8.0,512.0,1,837.01,متوسط
1069,8.0,128.0,0,203.99,رخيص
1134,8.0,128.0,1,506.39,متوسط
1023,4.0,128.0,1,529.99,متوسط
1698,8.0,128.0,1,439.08,رخيص
257,8.0,64.0,1,439.0,رخيص
281,8.0,256.0,1,368.0,رخيص
736,4.0,128.0,1,229.98,رخيص
830,4.0,64.0,1,181.0,رخيص
1372,4.0,128.0,1,204.99,رخيص
201,8.0,128.0,1,1969.0,غالي
1207,8.0,128.0,1,849.0,متوسط
11,8.0,128.0,1,429.01,رخيص
566,8.0,256.0,1,799.0,متوسط
1374,4.0,128.0,1,174.99,رخيص
360,8.0,128.0,1,268.7,رخيص
1087,4.0,128.0,1,214.99,رخيص
1385,2.0,32.0,1,89.99,رخيص
96,8.0,256.0,1,1100.0,غالي
145,8.0,256.0,1,1279.0,غالي
1215,8.0,256.0,1,681.0,متوسط
1314,8.0,256.0,1,991.0,متوسط
1106,8.0,256.0,1,1131.66,غالي
289,8.0,256.0,1,389.0,رخيص
304,8.0,128.0,1,522.19,متوسط
652,8.0,128.0,1,929.0,متوسط
1048,8.0,256.0,1,518.0,متوسط
1348,8.0,256.0,1,1799.0,غالي
151,8.0,128.0,1,1259.0,غالي
744,4.0,64.0,1,210.0,رخيص
928,4.0,64.0,1,294.36,رخيص
1175,8.0,256.0,1,372.0,رخيص
923,4.0,64.0,1,176.95,رخيص
1327,8.0,256.0,1,1029.7,غالي
587,8.0,256.0,1,701.5,متوسط
729,8.0,128.0,1,275.76,رخيص
1208,8.0,128.0,1,801.77,متوسط
1515,8.0,256.0,1,524.0,متوسط
1637,4.0,128.0,1,196.26,رخيص
1528,8.0,64.0,1,399.0,رخيص
1487,8.0,256.0,1,1099.99,غالي
246,8.0,64.0,1,189.0,رخيص
1126,8.0,128.0,1,563.69,متوسط
1135,8.0,128.0,1,199.0,رخيص
373,8.0,128.0,1,159.95,رخيص
1167,8.0,128.0,1,368.0,رخيص
1625,2.0,32.0,1,135.3,رخيص
1805,8.0,128.0,1,239.0,رخيص
576,8.0,32.0,1,111.01,رخيص
979,4.0,64.0,1,254.72,رخيص
514,8.0,128.0,1,235.01,رخيص
819,4.0,64.0,1,232.59,رخيص
1159,8.0,128.0,1,796.95,متوسط
752,8.0,256.0,1,429.99,رخيص
1016,4.0,128.0,1,155.0,رخيص
1068,8.0,128.0,0,543.37,متوسط
1282,8.0,256.0,1,1084.0,غالي
1301,8.0,128.0,1,623.71,متوسط
1788,2.0,32.0,1,84.9,رخيص
1170,8.0,128.0,1,635.23,متوسط
898,8.0,64.0,1,109.95,رخيص
1401,8.0,128.0,1,199.99,رخيص
384,8.0,256.0,1,249.95,رخيص
966,4.0,128.0,1,249.01,رخيص
1138,8.0,128.0,1,701.09,متوسط
1694,8.0,128.0,1,283.47,رخيص
1168,8.0,128.0,1,637.0,متوسط
1507,8.0,128.0,1,203.0,رخيص
473,8.0,128.0,1,239.98,رخيص
354,4.0,64.0,1,206.34,رخيص
1070,8.0,128.0,0,203.99,رخيص
1682,8.0,64.0,1,258.3,رخيص
1103,8.0,256.0,1,810.78,متوسط
939,4.0,64.0,1,184.88,رخيص
1375,2.0,32.0,1,84.1,رخيص
57,8.0,256.0,1,979.0,متوسط
1190,8.0,256.0,1,649.0,متوسط
691,8.0,256.0,1,819.0,متوسط
89,8.0,512.0,1,728.0,متوسط
1315,8.0,128.0,1,700.71,متوسط
274,8.0,64.0,1,239.0,رخيص
856,8.0,128.0,1,351.6,رخيص
288,8.0,64.0,1,279.0,رخيص
254,8.0,64.0,1,529.0,متوسط
1438,4.0,128.0,1,145.21,رخيص
296,8.0,64.0,1,308.01,رخيص
872,8.0,256.0,1,852.59,متوسط
1115,8.0,128.0,1,536.05,متوسط
1424,4.0,64.0,1,189.99,رخيص
1572,2.0,32.0,1,110.3,رخيص
1007,4.0,64.0,0,140.0,رخيص
1009,4.0,64.0,1,120.0,رخيص
1474,8.0,128.0,1,567.04,متوسط
1591,4.0,64.0,1,179.99,رخيص
1206,8.0,128.0,1,859.0,متوسط
1452,8.0,128.0,1,432.35,رخيص
1183,8.0,128.0,1,585.97,متوسط
1493,8.0,256.0,1,589.57,متوسط
1719,8.0,64.0,1,249.0,رخيص
665,8.0,256.0,1,386.99,رخيص
445,8.0,128.0,1,179.99,رخيص
1296,8.0,64.0,1,271.42,رخيص
78,8.0,64.0,1,689.0,متوسط
818,4.0,128.0,1,252.59,رخيص
381,4.0,64.0,1,149.96,رخيص
286,8.0,64.0,1,279.0,رخيص
894,8.0,32.0,1,99.95,رخيص
1703,8.0,128.0,1,349.99,رخيص
586,8.0,128.0,1,625.24,متوسط
1526,8.0,128.0,1,528.0,متوسط
88,8.0,512.0,1,724.0,متوسط
1284,8.0,512.0,1,1193.0,غالي
1567,4.0,64.0,1,229.94,رخيص
479,4.0,128.0,1,160.0,رخيص
529,2.0,32.0,1,109.0,رخيص
678,8.0,128.0,1,259.0,رخيص
1022,4.0,128.0,1,315.18,رخيص
1077,4.0,128.0,1,209.0,رخيص
609,8.0,128.0,1,302.91,رخيص
669,8.0,128.0,1,376.78,رخيص
255,8.0,64.0,1,529.0,متوسط
942,4.0,128.0,1,193.49,رخيص
1517,8.0,128.0,1,392.68,رخيص
1603,8.0,64.0,1,169.99,رخيص
520,8.0,256.0,1,886.95,متوسط
620,8.0,128.0,1,469.0,رخيص
1408,2.0,16.0,1,106.92,رخيص
692,8.0,256.0,1,1169.0,غالي
708,4.0,64.0,1,119.0,رخيص
359,8.0,128.0,1,191.0,رخيص
394,8.0,64.0,1,283.81,رخيص
881,8.0,128.0,1,209.0,رخيص
986,8.0,128.0,1,359.0,رخيص
853,8.0,128.0,1,497.02,رخيص
1118,8.0,128.0,0,710.74,متوسط
1205,8.0,128.0,1,599.91,متوسط
476,4.0,128.0,1,464.37,رخيص
1032,8.0,128.0,1,339.0,رخيص
1472,8.0,128.0,1,567.04,متوسط
1810,8.0,256.0,1,325.01,رخيص
1414,4.0,64.0,1,159.99,رخيص
248,8.0,64.0,1,195.0,رخيص
558,4.0,128.0,1,350.0,رخيص
1021,4.0,128.0,1,180.0,رخيص
1148,8.0,128.0,1,649.0,متوسط
1762,8.0,64.0,0,168.77,رخيص
266,8.0,128.0,1,338.0,رخيص
1197,8.0,256.0,1,379.0,رخيص
1202,8.0,256.0,1,457.0,رخيص
380,4.0,64.0,1,149.96,رخيص
606,4.0,128.0,1,263.97,رخيص
1029,8.0,128.0,1,572.23,متوسط
1574,2.0,32.0,1,96.22,رخيص
271,8.0,256.0,1,367.37,رخيص
340,8.0,128.0,1,513.42,متوسط
972,4.0,64.0,1,282.12,رخيص
1171,8.0,128.0,1,865.36,متوسط
1387,2.0,32.0,1,89.99,رخيص
1633,8.0,64.0,1,106.9,رخيص
1640,2.0,32.0,1,95.9,رخيص
1686,4.0,64.0,1,199.0,رخيص
1199,8.0,128.0,1,822.0,متوسط
905,2.0,32.0,1,169.0,رخيص
1613,4.0,64.0,1,200.0,رخيص
737,4.0,128.0,1,229.98,رخيص
233,8.0,32.0,1,110.0,رخيص
1775,4.0,128.0,1,269.0,رخيص
498,8.0,256.0,1,858.29,متوسط
547,8.0,128.0,1,229.0,رخيص
815,8.0,128.0,1,402.59,رخيص
847,4.0,64.0,1,182.59,رخيص
1357,8.0,128.0,1,372.46,رخيص
294,8.0,64.0,1,309.0,رخيص
978,4.0,64.0,1,299.0,رخيص
1229,8.0,256.0,1,975.01,متوسط
1186,8.0,128.0,1,759.0,متوسط
1554,8.0,128.0,1,364.63,رخيص
1097,8.0,256.0,1,897.82,متوسط
1174,8.0,256.0,1,1246.02,غالي
1804,8.0,128.0,1,239.0,رخيص
193,8.0,512.0,1,1549.0,غالي
531,4.0,64.0,1,144.6,رخيص
560,8.0,256.0,1,1199.0,غالي
795,4.0,128.0,1,221.6,رخيص
808,8.0,128.0,1,444.37,رخيص
831,4.0,128.0,1,206.67,رخيص
1542,8.0,128.0,0,495.34,رخيص
1671,8.0,64.0,1,199.99,رخيص
1770,4.0,64.0,1,120.0,رخيص
1777,8.0,128.0,1,168.58,رخيص
1779,8.0,64.0,1,310.74,رخيص
125,8.0,256.0,1,929.0,متوسط
131,8.0,512.0,1,1159.0,غالي
175,8.0,512.0,1,1399.0,غالي
200,8.0,128.0,1,1969.0,غالي
1137,8.0,128.0,1,1281.61,غالي
1324,8.0,256.0,0,1162.93,غالي
1353,8.0,512.0,1,1922.93,غالي
1490,8.0,256.0,1,758.68,متوسط
1627,2.0,32.0,1,99.5,رخيص
409,4.0,64.0,0,235.22,رخيص
519,8.0,128.0,1,399.0,رخيص
579,4.0,64.0,1,348.04,رخيص
742,4.0,64.0,1,189.9,رخيص
99,8.0,512.0,1,799.0,متوسط
829,4.0,64.0,1,152.59,رخيص
471,8.0,128.0,1,185.0,رخيص
79,8.0,64.0,1,689.0,متوسط
709,4.0,64.0,1,169.99,رخيص
885,8.0,256.0,1,448.99,رخيص
983,8.0,128.0,1,319.34,رخيص
1511,8.0,128.0,1,682.59,متوسط
285,8.0,512.0,1,419.0,رخيص
664,8.0,256.0,1,365.0,رخيص
1122,8.0,128.0,1,281.0,رخيص
1123,8.0,128.0,1,670.0,متوسط
276,8.0,64.0,1,270.0,رخيص
475,8.0,128.0,1,209.0,رخيص
590,8.0,32.0,1,186.52,رخيص
790,8.0,128.0,1,239.0,رخيص
1209,8.0,128.0,1,716.13,متوسط
1447,8.0,128.0,1,324.59,رخيص
1607,4.0,128.0,1,173.16,رخيص
278,8.0,64.0,1,363.0,رخيص
472,8.0,128.0,1,620.0,متوسط
694,8.0,256.0,1,198.0,رخيص
1514,8.0,256.0,1,524.0,متوسط
832,4.0,128.0,1,206.67,رخيص
1005,8.0,128.0,1,328.68,رخيص
1423,8.0,256.0,1,505.9,متوسط
411,8.0,128.0,1,260.0,رخيص
962,4.0,128.0,1,249.01,رخيص
1018,4.0,128.0,1,165.0,رخيص
1083,4.0,64.0,1,164.11,رخيص
1270,8.0,512.0,1,1249.0,غالي
1460,8.0,256.0,1,661.85,متوسط
456,8.0,128.0,1,625.24,متوسط
1693,8.0,128.0,1,284.89,رخيص
540,4.0,64.0,1,165.99,رخيص
554,8.0,32.0,0,184.88,رخيص
778,4.0,64.0,1,103.39,رخيص
904,8.0,32.0,1,139.98,رخيص
1065,8.0,128.0,1,180.0,رخيص
1771,8.0,64.0,1,246.95,رخيص
867,8.0,256.0,1,599.0,متوسط
56,8.0,256.0,1,979.0,متوسط
432,8.0,128.0,1,354.89,رخيص
448,8.0,128.0,1,185.8,رخيص
319,8.0,16.0,1,109.32,رخيص
889,8.0,64.0,1,109.9,رخيص
1400,8.0,128.0,1,199.99,رخيص
1564,4.0,128.0,1,227.5,رخيص
1765,4.0,64.0,1,229.94,رخيص
158,8.0,512.0,1,1609.0,غالي
292,8.0,512.0,1,488.01,رخيص
604,4.0,128.0,1,263.97,رخيص
668,8.0,256.0,1,436.31,رخيص
816,8.0,128.0,1,402.59,رخيص
1409,2.0,16.0,1,119.61,رخيص
1704,8.0,64.0,1,299.99,رخيص
283,8.0,256.0,1,369.0,رخيص
342,8.0,128.0,1,550.8,متوسط
438,4.0,64.0,1,129.0,رخيص
739,4.0,128.0,1,249.9,رخيص
775,8.0,256.0,1,359.38,رخيص
869,8.0,128.0,1,552.59,متوسط
892,8.0,16.0,1,70.68,رخيص
1565,4.0,64.0,1,213.47,رخيص
1689,8.0,128.0,1,259.99,رخيص
74,8.0,256.0,1,859.0,متوسط
1015,4.0,128.0,1,591.86,متوسط
368,2.0,16.0,1,99.95,رخيص
927,4.0,64.0,1,182.21,رخيص
1187,8.0,256.0,1,649.0,متوسط
461,8.0,128.0,1,349.85,رخيص
270,8.0,256.0,1,438.0,رخيص
351,2.0,16.0,1,84.95,رخيص
539,4.0,128.0,1,219.0,رخيص
901,8.0,32.0,1,137.99,رخيص
930,8.0,32.0,1,171.49,رخيص
1107,8.0,256.0,1,1187.46,غالي
1146,8.0,128.0,1,649.0,متوسط
40,8.0,512.0,1,607.0,متوسط
245,8.0,256.0,1,380.0,رخيص
7,8.0,64.0,1,226.98,رخيص
1045,8.0,256.0,1,518.0,متوسط
1505,8.0,128.0,1,158.99,رخيص
452,4.0,64.0,1,316.71,رخيص
929,8.0,32.0,1,156.94,رخيص
1469,8.0,128.0,1,799.99,متوسط
1581,4.0,128.0,1,175.22,رخيص
37,8.0,256.0,1,559.0,متوسط
253,8.0,256.0,1,701.61,متوسط
261,8.0,128.0,1,358.99,رخيص
595,4.0,64.0,1,139.0,رخيص
658,8.0,128.0,1,698.0,متوسط
963,4.0,64.0,1,249.01,رخيص
1124,8.0,128.0,1,670.0,متوسط
1441,8.0,128.0,1,314.6,رخيص
73,8.0,256.0,1,859.0,متوسط
464,4.0,128.0,1,372.44,رخيص
884,8.0,128.0,1,239.0,رخيص
916,8.0,32.0,1,159.94,رخيص
969,4.0,64.0,1,234.9,رخيص
1598,8.0,32.0,1,149.99,رخيص
9,8.0,128.0,1,447.0,رخيص
297,8.0,256.0,1,789.0,متوسط
474,8.0,128.0,1,209.0,رخيص
478,4.0,128.0,1,368.81,رخيص
662,8.0,128.0,1,769.87,متوسط
977,4.0,128.0,1,333.0,رخيص
23,8.0,64.0,1,378.0,رخيص
280,8.0,64.0,1,465.0,رخيص
343,8.0,128.0,1,116.99,رخيص
451,8.0,128.0,1,349.0,رخيص
1264,8.0,256.0,1,1209.0,غالي
77,8.0,64.0,1,689.0,متوسط
460,8.0,128.0,1,219.0,رخيص
713,8.0,128.0,1,612.07,متوسط
883,8.0,128.0,1,269.0,رخيص
1333,8.0,512.0,1,797.0,متوسط
1421,4.0,64.0,1,241.0,رخيص
1422,8.0,256.0,1,792.19,متوسط
533,8.0,256.0,1,618.21,متوسط
810,8.0,128.0,1,332.59,رخيص
355,4.0,64.0,1,171.49,رخيص
301,8.0,128.0,1,528.84,متوسط
429,4.0,128.0,1,251.55,رخيص
1163,8.0,128.0,1,600.0,متوسط
1169,8.0,128.0,1,865.36,متوسط
1768,8.0,32.0,1,195.0,رخيص
1678,8.0,256.0,1,388.0,رخيص
700,8.0,256.0,1,597.99,متوسط
820,4.0,64.0,1,232.59,رخيص
926,4.0,64.0,1,199.0,رخيص
1479,8.0,128.0,1,599.0,متوسط
31,8.0,512.0,1,614.99,متوسط
695,8.0,128.0,1,184.0,رخيص
1665,4.0,64.0,1,229.99,رخيص
509,8.0,256.0,1,552.39,متوسط
728,8.0,128.0,1,312.26,رخيص
809,8.0,128.0,1,340.42,رخيص
827,8.0,32.0,1,155.04,رخيص
828,8.0,32.0,1,132.59,رخيص
837,8.0,32.0,1,152.59,رخيص
910,8.0,128.0,1,240.27,رخيص
1075,8.0,64.0,1,159.0,رخيص
1130,8.0,512.0,1,701.09,متوسط
1196,8.0,256.0,1,1531.16,غالي
1265,8.0,256.0,1,1357.57,غالي
1431,8.0,32.0,1,120.08,رخيص
1524,8.0,64.0,1,331.93,رخيص
1535,8.0,32.0,1,164.0,رخيص
1562,4.0,128.0,1,209.28,رخيص
1658,4.0,128.0,1,259.0,رخيص
1673,8.0,64.0,1,299.99,رخيص
1708,8.0,128.0,1,581.32,متوسط
1715,8.0,128.0,1,233.18,رخيص
1764,4.0,64.0,1,221.15,رخيص
1808,8.0,128.0,1,209.0,رخيص
306,8.0,128.0,1,549.0,متوسط
439,4.0,64.0,1,135.0,رخيص
1645,4.0,128.0,1,254.74,رخيص
685,8.0,128.0,1,212.0,رخيص
1325,8.0,256.0,1,869.0,متوسط
1498,8.0,256.0,1,289.0,رخيص
1211,8.0,256.0,1,802.61,متوسط
682,8.0,128.0,1,379.0,رخيص
844,4.0,128.0,1,202.59,رخيص
1203,8.0,512.0,1,542.0,متوسط
1523,8.0,256.0,1,234.0,رخيص
329,8.0,128.0,1,377.91,رخيص
491,8.0,128.0,1,355.92,رخيص
794,8.0,128.0,1,254.0,رخيص
843,4.0,64.0,1,172.59,رخيص
971,4.0,64.0,1,229.9,رخيص
1234,8.0,256.0,1,1098.99,غالي
1454,8.0,128.0,1,461.82,رخيص
1527,8.0,128.0,1,528.0,متوسط
1676,8.0,128.0,1,412.6,رخيص
1806,8.0,128.0,1,225.0,رخيص
136,8.0,128.0,1,1159.0,غالي
144,8.0,256.0,1,1279.0,غالي
152,8.0,128.0,1,1839.0,غالي
477,4.0,128.0,1,160.0,رخيص
956,8.0,32.0,1,99.99,رخيص
1017,4.0,128.0,1,261.0,رخيص
1067,8.0,128.0,1,180.0,رخيص
1132,8.0,128.0,1,203.99,رخيص
1158,8.0,128.0,1,244.0,رخيص
59,8.0,256.0,1,979.0,متوسط
811,8.0,128.0,1,332.59,رخيص
920,4.0,128.0,1,248.82,رخيص
1300,4.0,64.0,1,264.68,رخيص
1321,8.0,128.0,1,714.0,متوسط
1485,8.0,256.0,1,879.0,متوسط
98,8.0,512.0,1,835.0,متوسط
237,8.0,32.0,1,160.95,رخيص
484,8.0,128.0,1,549.0,متوسط
886,8.0,128.0,1,715.59,متوسط
1510,8.0,128.0,1,321.0,رخيص
1566,4.0,64.0,1,221.89,رخيص
1616,2.0,32.0,0,129.0,رخيص
1446,8.0,128.0,1,258.56,رخيص
1796,2.0,32.0,1,109.0,رخيص
356,8.0,32.0,1,148.24,رخيص
1044,8.0,256.0,1,559.36,متوسط
1227,8.0,256.0,1,975.01,متوسط
1204,8.0,512.0,1,577.0,متوسط
1430,8.0,256.0,1,996.98,متوسط
1534,8.0,128.0,1,559.56,متوسط
492,8.0,128.0,1,356.76,رخيص
870,8.0,256.0,1,852.59,متوسط
947,4.0,128.0,1,193.49,رخيص
1463,8.0,128.0,1,649.99,متوسط
1486,8.0,256.0,1,773.5,متوسط
599,4.0,64.0,1,157.66,رخيص
634,8.0,128.0,1,499.0,رخيص
1149,8.0,256.0,1,549.0,متوسط
1222,8.0,128.0,1,799.0,متوسط
1299,8.0,128.0,1,399.0,رخيص
17,8.0,256.0,1,550.01,متوسط
434,8.0,256.0,1,639.0,متوسط
698,8.0,128.0,1,599.0,متوسط
659,8.0,256.0,1,528.0,متوسط
671,4.0,128.0,1,149.0,رخيص
755,8.0,256.0,1,450.87,رخيص
834,8.0,32.0,1,142.59,رخيص
1405,4.0,64.0,1,193.2,رخيص
1772,8.0,64.0,1,109.0,رخيص
960,8.0,32.0,1,144.99,رخيص
457,8.0,128.0,1,631.1,متوسط
483,8.0,128.0,1,849.88,متوسط
593,4.0,64.0,1,189.0,رخيص
1152,8.0,128.0,1,640.72,متوسط
1339,8.0,256.0,1,1128.0,غالي
1570,4.0,64.0,1,221.89,رخيص
225,8.0,128.0,1,135.0,رخيص
28,8.0,256.0,1,519.01,متوسط
689,8.0,512.0,1,327.99,رخيص
1157,8.0,128.0,1,649.0,متوسط
1177,8.0,128.0,1,749.0,متوسط
1302,8.0,128.0,1,579.7,متوسط
1308,8.0,128.0,0,1087.57,غالي
1364,4.0,64.0,1,209.99,رخيص
1419,8.0,128.0,1,311.03,رخيص
1512,8.0,256.0,1,599.0,متوسط
1541,8.0,128.0,1,219.0,رخيص
70,8.0,128.0,1,739.0,متوسط
357,4.0,64.0,1,200.99,رخيص
617,8.0,128.0,1,240.0,رخيص
686,8.0,256.0,1,189.0,رخيص
912,8.0,64.0,1,150.0,رخيص
1702,8.0,128.0,1,349.99,رخيص
143,8.0,256.0,1,1279.0,غالي
1618,2.0,32.0,1,111.8,رخيص
16,8.0,256.0,1,550.01,متوسط
41,8.0,512.0,1,608.0,متوسط
42,8.0,512.0,1,645.99,متوسط
45,8.0,64.0,1,529.0,متوسط
72,8.0,256.0,1,859.0,متوسط
80,8.0,64.0,1,689.0,متوسط
148,8.0,512.0,1,1509.0,غالي
227,8.0,128.0,1,135.0,رخيص
230,8.0,32.0,1,168.0,رخيص
234,8.0,32.0,1,155.0,رخيص
249,8.0,128.0,1,311.38,رخيص
264,8.0,128.0,1,339.01,رخيص
267,8.0,256.0,1,428.0,رخيص
279,8.0,64.0,1,279.0,رخيص
282,8.0,256.0,1,367.01,رخيص
293,8.0,512.0,1,488.01,رخيص
298,8.0,256.0,1,444.72,رخيص
462,8.0,128.0,1,109.0,رخيص
649,8.0,128.0,1,244.43,رخيص
657,8.0,128.0,1,819.0,متوسط
908,8.0,64.0,1,1399.0,غالي
911,8.0,64.0,1,150.0,رخيص
959,8.0,32.0,1,253.0,رخيص
1006,4.0,64.0,1,120.0,رخيص
1034,8.0,128.0,1,339.0,رخيص
1074,8.0,128.0,1,107.9,رخيص
1111,8.0,64.0,1,550.01,متوسط
1155,8.0,128.0,1,649.0,متوسط
1330,8.0,256.0,0,1162.93,غالي
1497,8.0,128.0,1,289.0,رخيص
1500,8.0,128.0,1,349.0,رخيص
1501,8.0,128.0,1,349.0,رخيص
1502,8.0,128.0,1,349.0,رخيص
1533,8.0,64.0,1,428.0,رخيص
1677,8.0,128.0,1,349.0,رخيص
1776,8.0,128.0,1,213.0,رخيص
147,8.0,512.0,1,1509.0,غالي
153,8.0,128.0,1,1839.0,غالي
231,8.0,32.0,1,110.0,رخيص
235,8.0,32.0,1,155.0,رخيص
236,8.0,32.0,1,150.0,رخيص
503,8.0,64.0,1,214.0,رخيص
568,4.0,64.0,1,1499.0,غالي
645,8.0,256.0,1,529.98,متوسط
653,8.0,128.0,1,655.0,متوسط
654,8.0,128.0,1,534.0,متوسط
684,8.0,128.0,1,212.0,رخيص
907,8.0,64.0,1,1399.0,غالي
958,8.0,32.0,1,144.99,رخيص
1133,8.0,128.0,1,199.0,رخيص
1160,8.0,128.0,1,319.0,رخيص
1350,8.0,256.0,1,1802.94,غالي
1659,4.0,128.0,1,159.88,رخيص
571,2.0,32.0,1,111.89,رخيص
0,8.0,128.0,1,1021.0,غالي
3,2.0,32.0,1,85.99,رخيص
299,8.0,128.0,1,140.76,رخيص
302,8.0,128.0,1,400.18,رخيص
307,8.0,128.0,1,549.0,متوسط
311,8.0,128.0,1,224.18,رخيص
312,8.0,128.0,1,169.99,رخيص
313,8.0,128.0,1,224.12,رخيص
314,8.0,128.0,1,169.99,رخيص
315,8.0,16.0,1,130.72,رخيص
316,8.0,16.0,1,129.62,رخيص
317,8.0,16.0,1,130.72,رخيص
318,4.0,64.0,1,157.54,رخيص
320,8.0,32.0,1,146.54,رخيص
321,2.0,16.0,1,133.35,رخيص
322,2.0,16.0,1,131.74,رخيص
323,4.0,64.0,1,223.78,رخيص
324,4.0,64.0,1,177.86,رخيص
325,4.0,64.0,1,177.86,رخيص
326,4.0,64.0,1,177.86,رخيص
327,4.0,64.0,1,149.99,رخيص
328,8.0,128.0,1,319.98,رخيص
330,8.0,32.0,1,203.0,رخيص
331,8.0,128.0,1,224.0,رخيص
332,4.0,64.0,1,252.29,رخيص
333,4.0,64.0,1,220.95,رخيص
334,4.0,64.0,1,389.08,رخيص
335,4.0,64.0,1,382.57,رخيص
336,8.0,128.0,1,490.24,رخيص
337,8.0,128.0,0,190.58,رخيص
338,8.0,32.0,1,309.06,رخيص
344,4.0,64.0,1,633.0,متوسط
345,8.0,32.0,1,410.0,رخيص
346,4.0,64.0,1,607.19,متوسط
349,8.0,32.0,1,487.09,رخيص
352,2.0,16.0,1,84.95,رخيص
353,4.0,32.0,1,185.72,رخيص
358,4.0,64.0,1,170.13,رخيص
363,4.0,64.0,1,202.26,رخيص
364,4.0,64.0,1,180.82,رخيص
365,4.0,64.0,1,149.96,رخيص
366,4.0,64.0,1,159.95,رخيص
367,2.0,16.0,1,109.95,رخيص
369,8.0,32.0,1,155.55,رخيص
370,8.0,32.0,1,154.11,رخيص
371,8.0,128.0,1,179.95,رخيص
372,8.0,128.0,1,179.95,رخيص
374,8.0,128.0,1,159.95,رخيص
378,4.0,64.0,1,175.43,رخيص
379,4.0,64.0,1,159.95,رخيص
382,4.0,64.0,1,149.94,رخيص
385,8.0,16.0,1,179.47,رخيص
386,2.0,32.0,1,291.88,رخيص
387,2.0,32.0,1,291.88,رخيص
388,8.0,128.0,1,634.19,متوسط
389,2.0,16.0,0,220.78,رخيص
390,2.0,32.0,1,186.65,رخيص
391,8.0,32.0,1,294.89,رخيص
392,4.0,64.0,1,275.5,رخيص
393,4.0,64.0,1,187.4,رخيص
402,4.0,64.0,1,235.22,رخيص
403,8.0,128.0,1,317.88,رخيص
404,8.0,32.0,1,272.98,رخيص
405,8.0,32.0,1,244.77,رخيص
406,8.0,32.0,1,160.51,رخيص
407,8.0,32.0,1,160.51,رخيص
408,8.0,32.0,1,528.46,متوسط
410,4.0,64.0,1,235.22,رخيص
412,8.0,32.0,1,179.42,رخيص
413,8.0,32.0,1,179.21,رخيص
414,8.0,32.0,1,169.9,رخيص
415,8.0,32.0,0,169.9,رخيص
416,8.0,32.0,1,188.6,رخيص
417,8.0,32.0,1,188.6,رخيص
418,4.0,32.0,1,197.91,رخيص
419,4.0,32.0,1,197.91,رخيص
420,4.0,32.0,1,216.53,رخيص
421,4.0,32.0,1,216.53,رخيص
422,8.0,128.0,1,539.68,متوسط
423,8.0,64.0,1,272.92,رخيص
424,4.0,128.0,1,297.7,رخيص
425,8.0,128.0,1,566.43,متوسط
426,8.0,128.0,1,399.0,رخيص
433,8.0,128.0,1,300.89,رخيص
436,8.0,128.0,1,303.53,رخيص
437,8.0,128.0,1,483.33,رخيص
440,4.0,128.0,1,252.22,رخيص
442,4.0,128.0,1,235.79,رخيص
443,4.0,128.0,1,216.77,رخيص
444,4.0,128.0,1,173.64,رخيص
446,8.0,128.0,1,299.33,رخيص
449,8.0,64.0,1,300.72,رخيص
450,8.0,128.0,1,312.2,رخيص
455,8.0,256.0,1,689.0,متوسط
458,8.0,128.0,1,523.59,متوسط
459,8.0,128.0,1,661.79,متوسط
463,8.0,128.0,1,266.68,رخيص
465,4.0,128.0,1,358.55,رخيص
466,4.0,128.0,1,316.81,رخيص
467,4.0,128.0,1,356.26,رخيص
468,8.0,64.0,1,187.4,رخيص
469,4.0,128.0,1,466.81,رخيص
470,4.0,64.0,0,431.49,رخيص
480,8.0,256.0,1,552.62,متوسط
481,8.0,128.0,1,299.0,رخيص
485,8.0,256.0,1,999.0,متوسط
486,8.0,128.0,1,652.29,متوسط
487,8.0,128.0,1,781.71,متوسط
488,8.0,128.0,1,634.19,متوسط
489,8.0,128.0,1,508.78,متوسط
490,8.0,128.0,1,425.07,رخيص
493,8.0,128.0,1,386.33,رخيص
494,4.0,64.0,1,314.64,رخيص
495,8.0,256.0,1,897.32,متوسط
499,8.0,128.0,1,198.23,رخيص
500,8.0,128.0,1,248.0,رخيص
501,2.0,32.0,1,158.99,رخيص
502,2.0,32.0,1,158.99,رخيص
505,8.0,64.0,1,273.67,رخيص
506,8.0,128.0,1,570.74,متوسط
508,8.0,32.0,1,123.88,رخيص
510,4.0,64.0,1,262.36,رخيص
511,8.0,128.0,1,479.0,رخيص
512,8.0,128.0,1,429.83,رخيص
513,8.0,128.0,1,339.01,رخيص
515,8.0,128.0,1,410.87,رخيص
528,2.0,32.0,1,144.01,رخيص
538,4.0,128.0,1,219.0,رخيص
541,4.0,128.0,1,206.99,رخيص
544,4.0,128.0,1,132.7,رخيص
545,8.0,128.0,1,312.77,رخيص
546,4.0,128.0,1,288.0,رخيص
548,4.0,128.0,1,271.11,رخيص
552,8.0,128.0,1,192.09,رخيص
553,8.0,128.0,1,391.13,رخيص
556,8.0,128.0,1,320.72,رخيص
559,8.0,128.0,1,338.93,رخيص
565,8.0,256.0,1,897.06,متوسط
567,8.0,64.0,1,285.12,رخيص
569,8.0,128.0,1,265.99,رخيص
572,2.0,32.0,1,135.52,رخيص
573,2.0,32.0,1,121.15,رخيص
574,4.0,64.0,1,150.55,رخيص
575,8.0,32.0,1,133.0,رخيص
578,4.0,128.0,1,468.72,رخيص
589,8.0,32.0,1,186.52,رخيص
591,4.0,64.0,1,207.22,رخيص
592,4.0,64.0,1,169.0,رخيص
607,4.0,64.0,1,158.01,رخيص
610,8.0,128.0,1,275.31,رخيص
612,8.0,128.0,1,279.95,رخيص
614,8.0,128.0,1,262.0,رخيص
615,8.0,128.0,1,262.0,رخيص
637,8.0,256.0,1,799.0,متوسط
644,8.0,256.0,1,753.02,متوسط
660,8.0,128.0,1,650.0,متوسط
661,8.0,256.0,1,910.53,متوسط
674,4.0,128.0,1,294.36,رخيص
681,8.0,128.0,1,379.0,رخيص
688,8.0,512.0,1,670.07,متوسط
697,8.0,128.0,1,599.0,متوسط
701,8.0,128.0,1,399.0,رخيص
702,8.0,128.0,1,353.01,رخيص
711,8.0,256.0,1,449.99,رخيص
735,4.0,64.0,1,189.99,رخيص
741,4.0,128.0,1,249.9,رخيص
743,4.0,64.0,1,229.9,رخيص
745,4.0,64.0,1,249.9,رخيص
747,4.0,64.0,1,210.0,رخيص
750,8.0,128.0,1,465.35,رخيص
751,8.0,256.0,1,429.99,رخيص
753,8.0,256.0,1,429.99,رخيص
754,8.0,256.0,1,369.0,رخيص
757,8.0,128.0,1,261.66,رخيص
774,8.0,256.0,1,376.77,رخيص
776,4.0,64.0,1,116.51,رخيص
777,2.0,32.0,1,94.04,رخيص
787,8.0,128.0,1,180.42,رخيص
788,8.0,128.0,1,209.0,رخيص
789,4.0,128.0,1,166.0,رخيص
792,8.0,128.0,1,295.41,رخيص
793,8.0,128.0,1,209.0,رخيص
797,4.0,64.0,1,254.79,رخيص
801,4.0,64.0,1,262.58,رخيص
803,8.0,128.0,1,285.0,رخيص
806,8.0,128.0,1,327.37,رخيص
807,8.0,128.0,1,301.6,رخيص
814,8.0,128.0,1,402.59,رخيص
821,2.0,32.0,1,115.0,رخيص
822,2.0,32.0,1,111.6,رخيص
823,2.0,32.0,1,135.05,رخيص
824,4.0,64.0,1,194.89,رخيص
825,4.0,64.0,1,168.44,رخيص
826,4.0,64.0,1,168.44,رخيص
836,8.0,32.0,1,152.59,رخيص
842,4.0,64.0,1,172.59,رخيص
846,4.0,64.0,1,182.59,رخيص
850,8.0,128.0,1,201.6,رخيص
854,8.0,128.0,1,441.92,رخيص
861,8.0,256.0,1,541.46,متوسط
862,8.0,256.0,1,549.78,متوسط
874,4.0,128.0,1,209.0,رخيص
887,8.0,256.0,1,772.13,متوسط
888,8.0,128.0,1,129.91,رخيص
891,8.0,16.0,1,89.75,رخيص
893,8.0,32.0,1,107.25,رخيص
895,8.0,16.0,1,108.11,رخيص
896,8.0,32.0,1,99.95,رخيص
899,4.0,64.0,1,174.0,رخيص
900,8.0,32.0,1,230.98,رخيص
903,8.0,32.0,1,130.0,رخيص
909,8.0,128.0,1,249.42,رخيص
913,8.0,64.0,1,215.0,رخيص
915,8.0,32.0,1,196.18,رخيص
918,8.0,32.0,1,187.88,رخيص
919,4.0,128.0,1,254.41,رخيص
921,4.0,128.0,1,209.25,رخيص
932,4.0,128.0,1,243.49,رخيص
934,4.0,64.0,1,190.35,رخيص
935,4.0,64.0,1,231.99,رخيص
936,4.0,64.0,1,232.05,رخيص
937,4.0,64.0,1,183.61,رخيص
938,4.0,64.0,1,230.3,رخيص
945,4.0,128.0,1,209.41,رخيص
965,4.0,128.0,1,252.3,رخيص
968,4.0,128.0,1,300.26,رخيص
970,4.0,64.0,1,259.9,رخيص
973,4.0,64.0,1,235.08,رخيص
974,4.0,128.0,1,389.0,رخيص
981,8.0,128.0,1,390.99,رخيص
984,8.0,128.0,1,359.0,رخيص
985,8.0,128.0,1,343.89,رخيص
987,8.0,128.0,1,356.45,رخيص
1010,4.0,64.0,1,384.47,رخيص
1011,4.0,64.0,1,370.53,رخيص
1013,4.0,64.0,1,439.51,رخيص
1014,4.0,128.0,1,425.9,رخيص
1024,4.0,128.0,1,515.48,متوسط
1025,8.0,128.0,1,453.5,رخيص
1030,8.0,128.0,1,439.9,رخيص
1031,8.0,128.0,1,454.57,رخيص
1035,8.0,128.0,1,443.34,رخيص
1037,8.0,128.0,1,431.47,رخيص
1039,8.0,128.0,1,421.26,رخيص
1041,8.0,128.0,1,417.55,رخيص
1043,8.0,128.0,1,405.52,رخيص
1046,8.0,256.0,1,572.55,متوسط
1047,8.0,256.0,1,559.36,متوسط
1066,8.0,128.0,1,425.9,رخيص
1072,8.0,128.0,1,482.74,رخيص
1073,8.0,128.0,1,640.59,متوسط
1080,4.0,64.0,1,166.91,رخيص
1088,8.0,128.0,1,461.05,رخيص
1092,8.0,128.0,1,369.95,رخيص
1096,8.0,256.0,1,700.97,متوسط
1098,8.0,256.0,1,700.97,متوسط
1104,8.0,256.0,1,887.46,متوسط
1112,8.0,128.0,1,522.28,متوسط
1127,8.0,128.0,1,563.69,متوسط
1129,8.0,512.0,1,674.77,متوسط
1136,8.0,128.0,1,719.12,متوسط
1139,8.0,128.0,1,517.37,متوسط
1143,8.0,128.0,1,594.23,متوسط
1144,8.0,128.0,1,649.0,متوسط
1147,8.0,128.0,1,649.0,متوسط
1154,8.0,128.0,1,552.38,متوسط
1162,8.0,128.0,1,961.03,متوسط
1165,8.0,128.0,1,773.44,متوسط
1176,8.0,128.0,1,734.39,متوسط
1180,8.0,128.0,1,759.0,متوسط
1185,8.0,128.0,1,472.15,رخيص
1188,8.0,256.0,1,769.51,متوسط
1193,8.0,128.0,1,759.0,متوسط
1200,8.0,128.0,1,889.65,متوسط
1210,8.0,256.0,1,681.0,متوسط
1213,8.0,256.0,1,681.0,متوسط
1217,8.0,256.0,1,815.94,متوسط
1219,8.0,128.0,1,619.96,متوسط
1220,8.0,256.0,1,815.94,متوسط
1223,8.0,128.0,1,866.0,متوسط
1224,8.0,128.0,1,866.0,متوسط
1226,8.0,128.0,1,866.0,متوسط
1232,8.0,512.0,1,1625.36,غالي
1233,8.0,512.0,1,1688.53,غالي
1240,8.0,128.0,1,889.99,متوسط
1253,8.0,256.0,1,1065.47,غالي
1255,8.0,256.0,1,818.0,متوسط
1257,8.0,128.0,1,857.62,متوسط
1258,8.0,256.0,1,930.28,متوسط
1294,8.0,64.0,1,365.53,رخيص
1295,8.0,64.0,1,368.57,رخيص
1297,8.0,64.0,1,398.16,رخيص
1303,8.0,256.0,1,769.0,متوسط
1307,8.0,128.0,0,589.0,متوسط
1309,8.0,128.0,1,703.0,متوسط
1311,8.0,256.0,0,735.99,متوسط
1312,8.0,256.0,0,1409.35,غالي
1317,8.0,128.0,0,1102.93,غالي
1318,8.0,128.0,1,735.92,متوسط
1319,8.0,128.0,1,1330.5,غالي
1320,8.0,128.0,1,965.2,متوسط
1322,8.0,128.0,1,965.2,متوسط
1326,8.0,256.0,1,1011.0,غالي
1328,8.0,256.0,1,1143.53,غالي
1331,8.0,256.0,1,888.2,متوسط
1332,8.0,512.0,1,1169.66,غالي
1334,8.0,512.0,1,1172.7,غالي
1338,8.0,256.0,1,1326.03,غالي
1341,8.0,512.0,1,1631.82,غالي
1347,8.0,256.0,1,1802.94,غالي
1356,8.0,16.0,1,124.0,رخيص
1358,2.0,16.0,1,179.99,رخيص
1359,8.0,128.0,1,346.19,رخيص
1360,8.0,128.0,1,490.11,رخيص
1361,8.0,128.0,1,568.91,متوسط
1362,8.0,256.0,1,549.99,متوسط
1365,4.0,64.0,1,209.99,رخيص
1366,2.0,32.0,1,109.99,رخيص
1367,2.0,32.0,1,134.92,رخيص
1368,4.0,128.0,1,305.59,رخيص
1379,8.0,64.0,1,149.99,رخيص
1389,2.0,32.0,1,113.04,رخيص
1391,2.0,32.0,1,112.06,رخيص
1395,8.0,256.0,1,593.7,متوسط
1396,8.0,256.0,1,350.23,رخيص
1397,8.0,256.0,1,450.87,رخيص
1398,4.0,64.0,1,198.27,رخيص
1399,4.0,64.0,1,233.22,رخيص
1402,4.0,64.0,1,253.43,رخيص
1404,8.0,32.0,1,172.01,رخيص
1406,4.0,64.0,1,193.2,رخيص
1407,4.0,64.0,1,193.2,رخيص
1410,4.0,32.0,1,129.99,رخيص
1411,8.0,32.0,1,203.22,رخيص
1412,4.0,64.0,1,159.99,رخيص
1415,8.0,16.0,1,93.81,رخيص
1416,2.0,16.0,1,158.4,رخيص
1417,8.0,256.0,1,507.45,متوسط
1418,4.0,64.0,1,252.12,رخيص
1420,4.0,64.0,1,260.38,رخيص
1427,8.0,256.0,1,523.2,متوسط
1428,8.0,256.0,1,1152.98,غالي
1432,8.0,32.0,1,120.93,رخيص
1435,4.0,64.0,1,157.0,رخيص
1436,4.0,64.0,1,157.0,رخيص
1437,4.0,128.0,1,196.69,رخيص
1442,8.0,128.0,1,226.8,رخيص
1445,4.0,128.0,1,284.05,رخيص
1458,8.0,128.0,1,499.98,رخيص
1461,8.0,256.0,1,558.63,متوسط
1462,8.0,256.0,1,557.89,متوسط
1464,8.0,128.0,1,614.95,متوسط
1465,8.0,128.0,1,1000.0,متوسط
1477,8.0,256.0,1,1139.35,غالي
1478,8.0,128.0,1,599.99,متوسط
1480,8.0,128.0,1,599.99,متوسط
1504,8.0,128.0,1,160.0,رخيص
1506,8.0,128.0,1,572.58,متوسط
1508,8.0,128.0,1,475.74,رخيص
1516,8.0,128.0,1,392.68,رخيص
1519,8.0,256.0,1,758.84,متوسط
1521,8.0,128.0,1,358.99,رخيص
1529,8.0,128.0,1,358.01,رخيص
1530,8.0,128.0,1,371.0,رخيص
1531,8.0,128.0,1,358.01,رخيص
1536,8.0,128.0,1,586.02,متوسط
1537,8.0,128.0,1,532.0,متوسط
1538,8.0,64.0,1,309.0,رخيص
1540,8.0,128.0,1,469.58,رخيص
1545,4.0,64.0,1,263.89,رخيص
1546,4.0,64.0,1,212.23,رخيص
1547,8.0,128.0,0,576.7,متوسط
1549,8.0,128.0,1,343.0,رخيص
1560,4.0,64.0,1,178.69,رخيص
1563,4.0,128.0,1,240.09,رخيص
1571,4.0,64.0,1,179.0,رخيص
1578,8.0,64.0,1,110.03,رخيص
1584,4.0,128.0,1,154.5,رخيص
1592,4.0,64.0,1,130.91,رخيص
1614,4.0,64.0,1,200.0,رخيص
1615,2.0,32.0,1,122.0,رخيص
1619,2.0,32.0,0,142.09,رخيص
1621,2.0,32.0,1,111.5,رخيص
1622,2.0,32.0,0,93.9,رخيص
1629,2.0,32.0,1,139.0,رخيص
1630,2.0,32.0,1,119.0,رخيص
1632,2.0,32.0,1,151.83,رخيص
1634,4.0,128.0,1,179.99,رخيص
1638,2.0,32.0,1,138.13,رخيص
1641,8.0,64.0,1,173.93,رخيص
1652,2.0,32.0,1,117.2,رخيص
1653,2.0,32.0,1,136.23,رخيص
1661,4.0,128.0,1,308.96,رخيص
1662,4.0,128.0,1,1000.0,متوسط
1663,4.0,128.0,1,249.99,رخيص
1666,4.0,64.0,1,239.0,رخيص
1667,4.0,64.0,1,229.99,رخيص
1669,8.0,128.0,1,329.99,رخيص
1672,8.0,64.0,1,253.45,رخيص
1679,8.0,128.0,1,268.51,رخيص
1681,8.0,64.0,1,231.4,رخيص
1683,4.0,128.0,1,252.39,رخيص
1695,8.0,128.0,1,349.9,رخيص
1696,8.0,64.0,1,326.0,رخيص
1697,8.0,64.0,1,349.99,رخيص
1699,8.0,128.0,1,378.46,رخيص
1706,8.0,128.0,1,395.31,رخيص
1707,8.0,128.0,1,552.86,متوسط
1709,8.0,128.0,1,381.13,رخيص
1710,8.0,128.0,1,494.72,رخيص
1731,4.0,128.0,1,283.37,رخيص
1763,4.0,64.0,1,237.26,رخيص
1773,8.0,64.0,1,109.0,رخيص
1778,8.0,64.0,1,265.0,رخيص
1780,4.0,64.0,1,147.87,رخيص
1784,4.0,64.0,1,238.72,رخيص
1785,4.0,64.0,1,282.84,رخيص
1789,2.0,32.0,1,84.9,رخيص
1790,2.0,32.0,1,128.11,رخيص
1791,2.0,32.0,1,133.74,رخيص
1792,2.0,32.0,1,99.66,رخيص
1797,8.0,64.0,1,118.31,رخيص
1800,4.0,128.0,1,190.9,رخيص
1803,8.0,128.0,1,195.0,رخيص
1807,8.0,128.0,1,225.0,رخيص
1809,8.0,32.0,1,188.97,رخيص
6,8.0,64.0,1,139.99,رخيص
15,8.0,256.0,1,550.01,متوسط
43,8.0,512.0,1,606.0,متوسط
138,8.0,128.0,1,1739.0,غالي
139,8.0,128.0,1,1739.0,غالي
140,8.0,128.0,1,1739.0,غالي
141,8.0,128.0,1,1739.0,غالي
146,8.0,512.0,1,1509.0,غالي
154,8.0,128.0,1,1839.0,غالي
159,8.0,512.0,1,1609.0,غالي
160,8.0,512.0,1,1609.0,غالي
218,8.0,32.0,1,136.0,رخيص
219,8.0,32.0,1,136.0,رخيص
220,8.0,32.0,1,140.0,رخيص
221,8.0,32.0,1,109.0,رخيص
222,8.0,32.0,1,140.0,رخيص
223,8.0,32.0,1,140.0,رخيص
224,8.0,128.0,1,140.0,رخيص
268,8.0,256.0,1,429.01,رخيص
269,8.0,256.0,1,439.0,رخيص
284,8.0,512.0,1,419.0,رخيص
347,8.0,128.0,1,349.0,رخيص
348,2.0,32.0,1,299.0,رخيص
350,4.0,64.0,1,699.0,متوسط
430,8.0,128.0,0,468.0,رخيص
453,8.0,128.0,1,239.0,رخيص
454,8.0,128.0,1,248.0,رخيص
504,8.0,64.0,1,214.0,رخيص
507,8.0,256.0,1,757.18,متوسط
550,8.0,128.0,1,144.99,رخيص
551,8.0,128.0,1,144.99,رخيص
570,8.0,128.0,1,569.0,متوسط
628,8.0,256.0,1,747.18,متوسط
650,8.0,128.0,1,550.01,متوسط
651,8.0,128.0,1,600.0,متوسط
655,8.0,256.0,1,352.0,رخيص
680,8.0,128.0,1,1000.0,متوسط
696,8.0,128.0,1,184.0,رخيص
748,8.0,256.0,1,299.99,رخيص
749,8.0,256.0,1,299.99,رخيص
804,8.0,128.0,1,281.6,رخيص
882,8.0,256.0,1,442.0,رخيص
906,2.0,32.0,1,95.0,رخيص
976,4.0,128.0,1,333.0,رخيص
1019,4.0,128.0,1,165.0,رخيص
1026,8.0,128.0,1,299.0,رخيص
1027,8.0,128.0,1,400.0,رخيص
1071,8.0,128.0,1,254.0,رخيص
1100,8.0,128.0,0,229.0,رخيص
1105,8.0,256.0,1,379.0,رخيص
1108,8.0,256.0,1,369.0,رخيص
1113,8.0,128.0,0,298.0,رخيص
1114,8.0,128.0,1,493.0,رخيص
1119,8.0,128.0,0,263.01,رخيص
1120,8.0,128.0,0,263.01,رخيص
1121,8.0,128.0,1,670.0,متوسط
1128,8.0,128.0,1,378.0,رخيص
1131,8.0,128.0,1,224.0,رخيص
1166,8.0,128.0,1,428.0,رخيص
1225,8.0,128.0,1,668.78,متوسط
1235,8.0,512.0,1,933.38,متوسط
1236,8.0,512.0,1,1359.0,غالي
1293,8.0,64.0,1,160.0,رخيص
1304,8.0,128.0,0,999.0,متوسط
1305,8.0,128.0,0,999.0,متوسط
1306,8.0,256.0,0,1049.0,غالي
1310,8.0,128.0,1,569.0,متوسط
1336,8.0,256.0,0,1599.0,غالي
1340,8.0,512.0,0,1699.0,غالي
1345,8.0,256.0,1,1802.94,غالي
1355,8.0,512.0,1,1922.93,غالي
1453,8.0,128.0,1,1000.0,متوسط
1467,8.0,256.0,1,308.01,رخيص
1499,8.0,256.0,1,289.0,رخيص
1503,8.0,64.0,1,210.03,رخيص
1509,8.0,64.0,1,350.0,رخيص
1518,8.0,64.0,1,203.03,رخيص
1539,8.0,128.0,1,240.0,رخيص
1543,8.0,128.0,0,379.0,رخيص
1544,8.0,256.0,1,300.72,رخيص
1548,8.0,128.0,1,176.38,رخيص
1555,8.0,128.0,1,229.92,رخيص
1612,8.0,32.0,1,180.0,رخيص
1647,4.0,64.0,1,198.0,رخيص
1660,4.0,64.0,1,219.0,رخيص
1675,8.0,128.0,1,349.0,رخيص
1766,4.0,128.0,1,271.0,رخيص
1767,4.0,64.0,1,249.01,رخيص
1769,4.0,128.0,1,200.0,رخيص
1774,4.0,128.0,1,269.0,رخيص
1781,4.0,64.0,1,211.0,رخيص
1782,8.0,128.0,1,289.0,رخيص
